<?xml version="1.0" encoding="UTF-8" standalone="yes"?>
<addon id="repository.dommaurice" name="Dom Maurice Repo" version="0.0.1" provider-name="dommaurice">
	<extension point="xbmc.addon.repository" name="Dom Maurice Repo">
		<dir>
			<info compressed="false">https://raw.githubusercontent.com/totalrevolution/python-koding/master/zips/addons.xml</info>
			<checksum>https://raw.githubusercontent.com/totalrevolution/python-koding/master/zips/addons.xml.md5</checksum>
			<datadir zip="true">https://raw.githubusercontent.com/totalrevolution/python-koding/master/zips/</datadir>
		</dir>
		<info compressed="false">https://raw.githubusercontent.com/kingdom1000/repository.dommaurice/master/zips/addons.xml</info>
		<checksum>https://raw.githubusercontent.com/kingdom1000/repository.dommaurice/master/zips/addons.xml.md5</checksum>
		<datadir zip="true">https://raw.githubusercontent.com/kingdom1000/repository.dommaurice/master/zips/</datadir>
	</extension>
	<extension point="xbmc.addon.metadata">
		<summary lang="en">Dom's custom addon for Kodi</summary>
		<description lang="en">Custom add-ons for kodi created for lols</description>
		<genre>uk</genre>
	</extension>
</addon>